,Device,RN_JJ,Rs/JJ,I_AB,EJ,C_JJQP,EC,$\omega_p$,Q,beta,EJ/EC
D078N5,D078N5,30.575,120.95799256335442,10.464766250168667,0.24944923038622127,197.8053844045044,0.0046996935894099345,2.0178921879539335,613.4404210700567,376309.15020260843,53.07776467562019
D078N6,D078N6,20.8,76.98813449108609,15.382703273985914,0.3666783759162844,185.06763098818772,0.0050231620304036426,2.529317484286064,30.587713907578152,935.6082420918499,72.99752102299186
D078N8,D078N8,39.375,68.8944344664851,8.125974046956367,0.19369930715069753,87.48499614791758,0.01062610433753497,2.67376463404314,462.9639489174522,214335.61799724132,18.228628385144546
D078N0,D078N0,29.6875,117.30563922736228,10.777607683331604,0.2569064494840831,197.56739238292596,0.004705354895988173,2.049065301406074,604.1079474641527,364946.4121893515,54.59874019345997
