,Device,RN_JJ,Rs/JJ,I_AB,EJ,C_JJQP,EC,$\omega_p$,Q,beta,EJ/EC
D079N1,D079N1,580.0,23.30382,0.5516555656877707,0.013149845205273649,2.00895,0.46274157994804105,4.597287730081281,16.828626819363674,283.2026806254063,0.028417254413900257
D079N3,D079N3,65.0,14.878252001360641,4.922465047675492,0.11733708029321101,11.44480923181588,0.08122675338723134,5.753595011199121,215.14490176020456,46287.328753408074,1.4445619872781486
D079N5,D079N5,3.375,13.547019807068784,94.80303054782429,2.2598252500914713,200.69658973435236,0.004631990500023416,6.029667463298456,205.2943451669695,42145.76815753481,487.87346392011113
D079N6,D079N6,4.3,16.764338327206932,74.40935537183884,1.7737000509438874,194.93416659542942,0.00476891615909478,5.420283919243454,14.273429352308893,203.7307854753531,371.9293843237885
D079N0,D079N0,3.0375,11.502271268794233,105.33670060869366,2.510916944546079,189.33779866327959,0.0049098738001590045,6.543700916371561,189.16766662661314,35784.40609695745,511.40152410124347
