,Device,RN_JJ,Rs/JJ,I_AB,EJ,C_JJQP,EC,$\omega_p$,Q,beta,EJ/EC
D079N1,D079N1,580.0,23.30382,0.5516555656877707,0.013149845205273649,2.00895,0.46274157994804105,4.597287730081281,16.828626819363674,283.2026806254063,0.028417254413900257
D079N3,D079N3,69.33333333333333,15.870135468118018,4.614810982195774,0.11000351277488532,11.44480923181588,0.08122675338723134,5.570894414799071,208.31315538467587,43394.370706320115,1.3542768630732644
D079N5,D079N5,3.6,14.450154460873371,88.87784113858527,2.118586171960754,200.69658973435236,0.004631990500023416,5.83820041713091,198.77539497555748,39511.65764768888,457.3813724251041
D079N6,D079N6,4.3,16.764338327206932,74.40935537183884,1.7737000509438874,194.93416659542942,0.00476891615909478,5.420283919243454,14.273429352308893,203.7307854753531,371.9293843237885
D079N0,D079N0,3.24,12.269089353380517,98.75315682065032,2.3539846355119494,189.33779866327959,0.0049098738001590045,6.335911167917318,183.16080562144734,33547.88071589761,479.43892884491584
